<oneoff_inventory>
    <opack_version version="11.1.0.3.0"/>
    <reference_id number="8795792"/>
    <unique_patch_id>11816993</unique_patch_id>
    <PatchSetUpdate>false</PatchSetUpdate>
    <date_of_patch year="2009" month="Sep" day="25" time="09:17:26 hrs" zone="PST8PDT"/>
    <base_bugs>
        <bug number="8795792" description="DBMS_METADATA.GET_DDL GENERATES WRONG KEYWORDS FOR COMPRESSED INDEXES"/>
    </base_bugs>
    <required_components>
        <component internal_name="oracle.rdbms" version="11.2.0.1.0" opt_req="O"/>
    </required_components>
    <os_platforms>
        <platform name="Generic Platform 1" id="0"/>
    </os_platforms>
    <executables></executables>
    <instance_shutdown>false</instance_shutdown>
    <instance_shutdown_message></instance_shutdown_message>
    <online_rac_installable>true</online_rac_installable>
    <sql_migrate>false</sql_migrate>
    <wls_prereq_oneoffs></wls_prereq_oneoffs>
    <prereq_oneoffs></prereq_oneoffs>
    <coreq_oneoffs></coreq_oneoffs>
    <overlay_oneoffs></overlay_oneoffs>
    <applicable_product value=""/>
    <products></products>
    <update_components></update_components>
</oneoff_inventory>
